{"val_loss": [0.19354102693498135, 0.12739295998179992, 0.10107517743015706, 0.07535269620550858, 0.07121625932991381, 0.06947115872351997, 0.06872109490941739, 0.06630724019831614, 0.06621885059401393, 0.06547791775796682, 0.06571078021079302, 0.06544167812950502], "loss": [0.2987717576057483, 0.18480461807205126, 0.14332890652693234, 0.11945557311463814, 0.10006262974192699, 0.09747491212322926, 0.09571483789632718, 0.0938057638781193, 0.09202016934465904, 0.09188166706989973, 0.09170804428175473, 0.09141863870219542], "mean_corner_error": [0.6954073146749765, 0.5365200017545467, 0.46612674883542915, 0.4218487001879093, 0.38343720784172036, 0.377853075980376, 0.37407092589598434, 0.3700219843784968, 0.36628736100135706, 0.3659157091188125, 0.365492082264943, 0.36477196804223916], "val_mean_corner_error": [0.5584322760502497, 0.4386297272230299, 0.38499146976688897, 0.32760320618664107, 0.31567529341567624, 0.31175987681549455, 0.30968311471066584, 0.303746140519751, 0.30370218594868975, 0.30143572725782036, 0.30219991609454155, 0.30164508293346465]}