{"val_mean_corner_error": [0.35682278097699793, 0.21165128231048583, 0.1782944307592249, 0.1622980426682952, 0.11285762100170056, 0.12811730106025235, 0.11842101681673876, 0.09516570994009574, 0.09772256109301432, 0.1324321689536986, 0.08571089152246714, 0.0829087055051825], "val_loss": [0.09447163791278884, 0.03698192085139453, 0.0284453451369716, 0.026546657012444103, 0.010375709080447753, 0.015505577687208989, 0.012441847982236923, 0.007864549311343581, 0.00835219130921105, 0.018555171578348784, 0.006593521655692408, 0.005937991762394844], "loss": [0.2670581323180634, 0.039349728240870324, 0.019933056144688564, 0.013959162818530622, 0.011021304207806212, 0.009207057499398406, 0.008012221987801008, 0.007091656102028747, 0.006352777995634824, 0.005765775919963534, 0.005302959489815223, 0.004951145717014487], "mean_corner_error": [0.6185520167763416, 0.22406833454966546, 0.1580923172650047, 0.13195918211761193, 0.11717886615162476, 0.10733034630903067, 0.10017546369383733, 0.09448832359069433, 0.08977980569100533, 0.08571329606458163, 0.08240693285488165, 0.07967347254021427]}